Product Code,T_Name,LSL,USL,Target
LIF001_B,T_height,7.22,10.57,8.7799999999999994
LIF001_Y,T_height,6.78,10.07,8.36
LIF002_R,T_height,7.22,10.57,8.7799999999999994
LIF002_Y,T_height,6.78,10.07,8.36
LIF001_B,T_weight,360,470,410
LIF001_Y,T_weight,329,500,410
LIF002_R,T_weight,329,500,385
LIF002_Y,T_weight,329,500,410
